Year,SiteID,Location,Variety,Rep,%_heading,%_lodge,plant_ht_in,yield_bpa,%_moisture,test_wt_lbpb,straw_tpa,crown_rust,stem_rust,BYDV,septoria_leaf_blight
2015,1,Kanawha,Saber,1,70,15,35.5,119.46,12.04,34.43,,,,,
2015,1,Kanawha,Saber,2,60,45,45.0,147.15,11.49,33.91,,,,,
2015,1,Kanawha,Saber,3,70,70,47.0,132.72,11.36,33.80,,,,,
2015,1,Kanawha,Badger,1,50,55,34.5,121.61,11.48,33.63,,,,,
2015,1,Kanawha,Badger,2,50,90,43.0,158.66,11.83,34.05,,,,,
2015,1,Kanawha,Badger,3,80,95,46.0,142.80,10.96,32.18,,,,,
2015,1,Kanawha,Shelby 427,1,50,60,36.8,131.48,10.70,33.70,,,,,
2015,1,Kanawha,Shelby 427,2,80,90,48.0,132.78,10.39,33.61,,,,,
2015,1,Kanawha,Shelby 427,3,90,95,47.5,103.30,10.30,33.28,,,,,
2015,1,Kanawha,GM423,1,0,50,46.5,112.95,11.31,28.77,,,,,
2015,1,Kanawha,GM423,2,0,90,46.0,96.71,10.29,26.28,,,,,
2015,1,Kanawha,GM423,3,0,85,50.5,105.98,10.29,26.76,,,,,
2015,1,Kanawha,Rockford,1,0,50,44.5,83.93,11.19,31.98,,,,,
2015,1,Kanawha,Rockford,2,10,40,50.8,93.46,11.64,33.03,,,,,
2015,1,Kanawha,Rockford,3,0,95,47.5,90.17,10.79,31.38,,,,,
2015,1,Kanawha,Natty,1,70,50,46.0,136.81,11.14,34.64,,,,,
2015,1,Kanawha,Natty,2,60,60,46.5,138.34,10.96,34.13,,,,,
2015,1,Kanawha,Natty,3,90,75,51.5,146.71,10.70,33.30,,,,,
2015,1,Kanawha,Goliath,1,0,50,48.0,109.79,10.84,32.43,,,,,
2015,1,Kanawha,Goliath,2,0,70,47.0,111.72,10.53,31.08,,,,,
2015,1,Kanawha,Goliath,3,0,90,52.0,100.15,10.60,31.47,,,,,
2015,1,Kanawha,Souris,1,30,60,44.5,87.43,10.45,28.89,,,,,
2015,1,Kanawha,Souris,2,10,65,41.0,109.71,10.56,30.33,,,,,
2015,1,Kanawha,Souris,3,10,55,47.0,112.09,10.34,29.83,,,,,
2015,1,Kanawha,Deon,1,20,25,48.0,149.07,11.38,32.65,,,,,
2015,1,Kanawha,Deon,2,0,40,46.0,150.61,11.49,32.37,,,,,
2015,1,Kanawha,Deon,3,0,20,52.0,145.19,11.63,32.95,,,,,
2015,1,Kanawha,Leggett,1,30,70,41.0,105.74,10.73,29.63,,,,,
2015,1,Kanawha,Leggett,2,20,70,47.3,98.31,10.63,29.22,,,,,
2015,1,Kanawha,Leggett,3,0,95,51.5,85.95,10.39,28.77,,,,,
2015,1,Kanawha,Hayden,1,30,90,42.5,149.89,10.89,35.60,,,,,
2015,1,Kanawha,Hayden,2,30,60,48.0,125.33,11.00,35.52,,,,,
2015,1,Kanawha,Hayden,3,20,90,47.5,118.44,10.53,35.11,,,,,
2015,1,Kanawha,Tack,1,70,90,37.5,120.87,10.18,35.05,,,,,
2015,1,Kanawha,Tack,2,60,90,40.5,131.80,10.58,35.46,,,,,
2015,1,Kanawha,Tack,3,50,95,44.8,122.88,10.35,35.07,,,,,
2015,1,Kanawha,BetaGene,1,70,40,41.5,165.88,11.65,33.18,,,,,
2015,1,Kanawha,BetaGene,2,40,60,40.0,166.87,11.13,32.48,,,,,
2015,1,Kanawha,BetaGene,3,40,25,46.0,176.30,11.63,33.29,,,,,
2015,1,Kanawha,Horsepower,1,50,70,43.0,127.66,10.64,30.22,,,,,
2015,1,Kanawha,Horsepower,2,30,80,43.5,90.92,10.46,27.83,,,,,
2015,1,Kanawha,Horsepower,3,30,90,45.8,119.37,10.66,29.24,,,,,
2015,1,Kanawha,Excel,1,50,70,38.5,136.95,11.05,32.77,,,,,
2015,1,Kanawha,Excel,2,20,80,51.0,128.37,10.63,31.17,,,,,
2015,1,Kanawha,Excel,3,30,50,42.0,128.34,11.04,32.74,,,,,
2015,1,Kanawha,Jerry,1,80,80,43.5,108.28,10.48,30.36,,,,,
2015,1,Kanawha,Jerry,2,20,85,53.0,93.49,10.15,28.23,,,,,
2015,1,Kanawha,Jerry,3,20,95,51.5,114.06,10.23,29.63,,,,,
2015,2,Nashua,Saber,1,100,0,33.0,157.56,13.07,33.77,1.41,2,,,
2015,2,Nashua,Saber,2,100,2,35.0,148.85,12.98,33.38,1.61,1,,,
2015,2,Nashua,Saber,3,100,2,35.0,148.76,13.03,33.60,1.54,1,,,
2015,2,Nashua,Badger,1,95,70,30.0,142.84,14.22,31.99,1.01,1,,,
2015,2,Nashua,Badger,2,100,20,32.0,130.56,13.01,32.52,1.21,1,,,
2015,2,Nashua,Badger,3,100,5,32.0,136.62,13.23,32.53,1.21,1,,,
2015,2,Nashua,Shelby 427,1,100,2,41.0,148.37,13.54,35.57,1.74,2,,,
2015,2,Nashua,Shelby 427,2,100,5,39.0,123.81,12.91,35.30,1.68,1,,,
2015,2,Nashua,Shelby 427,3,100,5,37.0,140.20,13.14,35.51,1.61,1,,,
2015,2,Nashua,GM423,1,10,5,41.0,141.44,13.59,32.30,2.28,1,,,
2015,2,Nashua,GM423,2,10,0,40.0,133.48,13.36,31.59,1.88,1,,,
2015,2,Nashua,GM423,3,10,0,40.0,132.33,13.47,31.91,2.14,1,,,
2015,2,Nashua,Rockford,1,10,2,40.0,128.75,14.54,36.42,2.01,3,,,
2015,2,Nashua,Rockford,2,30,0,40.0,125.98,13.46,35.86,2.08,3,,,
2015,2,Nashua,Rockford,3,20,0,38.0,115.04,13.20,36.18,1.94,1,,,
2015,2,Nashua,Natty,1,100,0,40.0,160.93,13.11,36.66,1.94,2,,,
2015,2,Nashua,Natty,2,100,0,40.0,132.26,13.19,36.23,1.74,1,,,
2015,2,Nashua,Natty,3,100,0,41.0,122.52,13.12,36.61,1.47,2,,,
2015,2,Nashua,Goliath,1,30,5,50.0,138.84,13.99,36.03,2.61,1,,,
2015,2,Nashua,Goliath,2,10,5,46.0,136.41,13.37,36.01,2.48,1,,,
2015,2,Nashua,Goliath,3,15,0,46.0,137.15,14.13,36.10,2.68,1,,,
2015,2,Nashua,Souris,1,40,5,36.0,120.42,12.87,33.50,1.27,4,,,
2015,2,Nashua,Souris,2,70,40,36.0,133.57,12.66,33.03,1.61,5,,,
2015,2,Nashua,Souris,3,90,5,36.0,129.51,13.39,33.46,1.34,6,,,
2015,2,Nashua,Deon,1,40,0,39.0,145.02,14.08,35.52,2.35,1,,,
2015,2,Nashua,Deon,2,10,0,36.0,135.03,13.62,34.94,2.61,1,,,
2015,2,Nashua,Deon,3,30,0,36.0,138.79,14.02,35.26,2.55,1,,,
2015,2,Nashua,Leggett,1,40,5,38.0,146.32,13.89,33.92,1.81,4,,,
2015,2,Nashua,Leggett,2,70,2,35.0,143.68,13.42,33.62,2.14,1,,,
2015,2,Nashua,Leggett,3,40,2,35.0,134.07,13.61,33.82,1.74,2,,,
2015,2,Nashua,Hayden,1,60,2,41.0,161.88,13.39,36.68,2.14,1,,,
2015,2,Nashua,Hayden,2,80,0,38.0,151.91,13.20,35.94,2.08,1,,,
2015,2,Nashua,Hayden,3,60,0,37.0,141.09,12.90,36.34,1.88,1,,,
2015,2,Nashua,Tack,1,100,70,35.0,129.07,13.02,36.29,1.41,2,,,
2015,2,Nashua,Tack,2,100,10,33.0,126.43,13.48,35.90,1.34,1,,,
2015,2,Nashua,Tack,3,100,25,31.0,121.42,12.50,36.30,1.34,2,,,
2015,2,Nashua,BetaGene,1,95,5,37.0,149.38,13.24,33.30,1.81,1,,,
2015,2,Nashua,BetaGene,2,95,0,36.0,143.98,13.53,32.89,1.68,1,,,
2015,2,Nashua,BetaGene,3,90,5,36.0,141.79,13.38,32.71,1.68,1,,,
2015,2,Nashua,Horsepower,1,100,30,36.0,138.39,13.36,35.29,1.41,4,,,
2015,2,Nashua,Horsepower,2,90,0,34.0,122.66,12.68,34.66,1.21,2,,,
2015,2,Nashua,Horsepower,3,95,20,37.0,133.77,13.17,35.10,1.41,2,,,
2015,2,Nashua,Excel,1,95,2,36.0,143.14,13.16,33.73,1.41,6,,,
2015,2,Nashua,Excel,2,90,0,36.0,146.03,12.60,32.97,1.68,3,,,
2015,2,Nashua,Excel,3,100,5,36.0,148.22,12.77,33.39,1.81,2,,,
2015,2,Nashua,Jerry,1,100,70,37.0,138.57,12.62,35.92,1.54,4,,,
2015,2,Nashua,Jerry,2,90,20,38.0,123.30,12.92,35.52,1.47,3,,,
2015,2,Nashua,Jerry,3,95,70,36.0,125.31,12.56,35.74,1.61,3,,,
2016,1,Kanawha,Excel,1,,100,42.0,68.70,11.80,35.65,,6,,,
2016,1,Kanawha,BetaGene,1,,80,39.5,74.40,11.90,33.45,,3,,,
2016,1,Kanawha,Horsepower,1,,100,36.0,60.70,11.45,35.10,,7,,,
2016,1,Kanawha,Jerry,1,,100,44.0,60.90,11.50,35.50,,7,,,
2016,1,Kanawha,Leggett,1,,95,39.0,49.10,11.10,33.00,,6,,,
2016,1,Kanawha,Deon,1,,95,42.5,71.30,11.60,33.70,,4,,,
2016,1,Kanawha,Goliath,1,,95,48.5,63.40,11.50,33.85,,3,,,
2016,1,Kanawha,Badger,1,,20,34.5,73.50,12.25,35.20,,3,,,
2016,1,Kanawha,Rockford,1,,100,41.0,64.20,11.70,35.40,,4,,,
2016,1,Kanawha,Reins,1,,80,33.0,100.70,12.50,37.70,,4,,,
2016,1,Kanawha,Shelby 427,1,,100,39.0,82.30,11.70,37.90,,5,,,
2016,1,Kanawha,Saber,1,,100,36.5,107.00,11.80,36.55,,2,,,
2016,1,Kanawha,Souris,1,,100,38.0,68.00,11.55,33.30,,8,,,
2016,1,Kanawha,Natty,1,,95,42.5,73.60,11.80,36.85,,3,,,
2016,1,Kanawha,Hayden,1,,100,38.0,70.70,11.55,36.80,,3,,,
2016,1,Kanawha,Hayden,2,,95,43.5,65.00,11.40,36.55,,4,,,
2016,1,Kanawha,Deon,2,,95,44.0,67.90,11.20,33.85,,3,,,
2016,1,Kanawha,Souris,2,,100,41.5,27.10,11.40,32.90,,8,,,
2016,1,Kanawha,Natty,2,,90,42.0,68.70,11.80,36.80,,4,,,
2016,1,Kanawha,Rockford,2,,100,45.0,44.30,11.60,34.70,,6,,,
2016,1,Kanawha,Reins,2,,80,34.5,96.80,12.15,38.10,,3,,,
2016,1,Kanawha,Saber,2,,95,37.5,95.70,11.75,36.05,,2,,,
2016,1,Kanawha,Excel,2,,80,40.0,76.80,11.65,35.35,,3,,,
2016,1,Kanawha,Shelby 427,2,,95,40.0,65.70,11.70,37.15,,3,,,
2016,1,Kanawha,Jerry,2,,95,45.5,57.30,11.80,36.10,,4,,,
2016,1,Kanawha,Horsepower,2,,100,35.0,77.50,11.60,34.85,,5,,,
2016,1,Kanawha,Badger,2,,15,37.5,78.20,12.10,34.65,,2,,,
2016,1,Kanawha,Goliath,2,,100,49.0,72.60,11.55,35.05,,3,,,
2016,1,Kanawha,Leggett,2,,100,41.5,38.80,11.45,32.20,,7,,,
2016,1,Kanawha,BetaGene,2,,95,41.5,87.40,12.15,33.60,,2,,,
2016,1,Kanawha,Goliath,3,,95,47.0,61.00,11.80,36.05,,4,,,
2016,1,Kanawha,Reins,3,,90,32.5,94.90,12.20,38.25,,5,,,
2016,1,Kanawha,Shelby 427,3,,95,40.0,64.70,11.40,38.00,,6,,,
2016,1,Kanawha,Excel,3,,95,38.0,91.60,11.60,35.65,,4,,,
2016,1,Kanawha,Horsepower,3,,100,36.0,60.00,11.55,34.95,,5,,,
2016,1,Kanawha,Hayden,3,,100,40.5,87.80,11.40,36.50,,4,,,
2016,1,Kanawha,Souris,3,,100,38.5,53.50,11.60,32.35,,7,,,
2016,1,Kanawha,Natty,3,,90,43.5,62.30,12.20,36.65,,3,,,
2016,1,Kanawha,Saber,3,,95,36.0,93.10,12.25,35.25,,3,,,
2016,1,Kanawha,Leggett,3,,80,37.5,66.60,12.15,34.90,,5,,,
2016,1,Kanawha,BetaGene,3,,80,40.0,91.20,12.55,33.65,,2,,,
2016,1,Kanawha,Jerry,3,,95,41.5,73.40,12.05,35.35,,5,,,
2016,1,Kanawha,Badger,3,,10,34.5,80.20,12.30,35.15,,4,,,
2016,1,Kanawha,Rockford,3,,95,44.0,58.50,11.90,34.85,,7,,,
2016,1,Kanawha,Deon,3,,80,40.5,84.20,11.90,34.70,,3,,,
2016,2,Nashua,Saber,1,95,2,36.0,146.17,12.81,33.59,1.34,5,0,,
2016,2,Nashua,Saber,2,95,5,36.5,135.96,12.39,33.73,1.34,4,0,,
2016,2,Nashua,Saber,3,95,0,35.5,125.01,14.12,33.54,0.99,3,0,,
2016,2,Nashua,Badger,1,95,70,35.5,122.45,13.52,32.13,1.11,3,0,,
2016,2,Nashua,Badger,2,95,50,33.0,124.71,13.66,31.93,1.11,4,0,,
2016,2,Nashua,Badger,3,95,40,35.5,134.04,13.31,31.97,1.21,3,0,,
2016,2,Nashua,Shelby 427,1,95,5,41.5,106.87,12.64,34.52,1.39,3,0,,
2016,2,Nashua,Shelby 427,2,95,10,40.5,115.52,12.47,34.96,1.54,3,0,,
2016,2,Nashua,Shelby 427,3,95,2,40.0,121.20,12.66,34.69,1.54,4,0,,
2016,2,Nashua,Reins,1,95,5,34.5,107.08,12.88,35.09,0.94,2,0,,
2016,2,Nashua,Reins,2,95,5,30.0,118.38,13.28,34.78,0.78,3,0,,
2016,2,Nashua,Reins,3,95,0,31.5,122.22,12.99,35.11,0.99,3,0,,
2016,2,Nashua,Rockford,1,80,20,43.5,114.46,13.27,35.32,1.66,3,0,,
2016,2,Nashua,Rockford,2,80,50,46.0,148.97,12.91,34.83,1.88,3,0,,
2016,2,Nashua,Rockford,3,70,10,42.0,130.70,12.92,35.33,1.61,5,0,,
2016,2,Nashua,Natty,1,95,5,44.5,125.93,12.81,34.81,1.80,1,0,,
2016,2,Nashua,Natty,2,95,0,41.0,130.51,13.04,34.92,1.63,2,0,,
2016,2,Nashua,Natty,3,95,0,40.5,131.59,13.31,35.57,1.80,2,0,,
2016,2,Nashua,Goliath,1,80,20,48.5,133.59,13.29,36.18,1.88,2,0,,
2016,2,Nashua,Goliath,2,70,2,44.5,132.43,13.40,36.12,1.74,2,0,,
2016,2,Nashua,Goliath,3,40,2,46.5,130.66,13.60,36.32,1.39,3,0,,
2016,2,Nashua,Souris,1,95,5,37.0,115.34,12.22,33.01,1.54,4,0,,
2016,2,Nashua,Souris,2,95,10,34.0,123.73,13.31,32.71,1.43,5,0,,
2016,2,Nashua,Souris,3,80,10,36.5,123.94,12.82,33.22,1.32,4,0,,
2016,2,Nashua,Deon,1,60,0,42.0,134.44,13.06,35.23,1.84,1,0,,
2016,2,Nashua,Deon,2,30,0,40.5,145.08,12.58,34.96,1.72,1,0,,
2016,2,Nashua,Deon,3,50,0,40.5,141.91,13.90,34.89,1.80,1,0,,
2016,2,Nashua,Leggett,1,90,5,38.5,125.51,13.10,33.98,1.71,2,0,,
2016,2,Nashua,Leggett,2,80,10,38.0,130.75,12.89,33.06,1.37,3,0,,
2016,2,Nashua,Leggett,3,70,0,37.5,124.92,13.51,33.34,1.47,3,0,,
2016,2,Nashua,Hayden,1,95,2,38.5,128.16,12.63,36.04,1.71,3,0,,
2016,2,Nashua,Hayden,2,80,2,39.5,139.98,13.59,35.24,1.52,3,0,,
2016,2,Nashua,Hayden,3,95,5,36.0,128.10,14.66,34.80,1.71,3,0,,
2016,2,Nashua,Tack,1,95,5,35.0,119.58,12.76,35.69,1.48,2,0,,
2016,2,Nashua,Tack,2,95,20,36.0,119.92,13.58,35.32,1.32,3,0,,
2016,2,Nashua,Tack,3,95,5,33.5,109.91,13.37,34.52,1.21,4,0,,
2016,2,Nashua,BetaGene,1,90,5,37.0,121.69,13.37,33.37,1.44,1,0,,
2016,2,Nashua,BetaGene,2,95,0,39.5,139.28,13.41,32.69,1.31,2,0,,
2016,2,Nashua,BetaGene,3,95,0,39.0,145.92,14.12,32.83,1.31,2,0,,
2016,2,Nashua,Horsepower,1,90,10,33.5,113.64,12.77,34.51,1.43,3,0,,
2016,2,Nashua,Horsepower,2,95,15,33.0,113.36,12.98,33.66,1.15,5,0,,
2016,2,Nashua,Horsepower,3,95,20,33.0,120.96,12.83,33.83,1.21,3,0,,
2016,2,Nashua,Excel,1,90,15,37.0,125.62,13.02,33.21,1.36,2,0,,
2016,2,Nashua,Excel,2,95,20,35.0,114.63,12.77,32.70,1.09,3,0,,
2016,2,Nashua,Excel,3,95,30,40.0,151.80,13.27,31.49,1.36,4,0,,
2016,2,Nashua,Jerry,1,95,10,42.0,115.15,13.49,33.87,1.66,4,0,,
2016,2,Nashua,Jerry,2,95,0,40.0,112.35,13.00,33.86,1.45,3,0,,
2016,2,Nashua,Jerry,3,95,5,41.0,116.93,12.89,33.53,1.29,4,0,,
2016,3,Charles City,Excel,1,,20,39.0,74.50,12.40,33.80,,,,,
2016,3,Charles City,BetaGene,1,,0,38.0,72.70,12.80,32.05,,,,,
2016,3,Charles City,Horsepower,1,,90,35.0,46.00,12.25,33.35,,,,,
2016,3,Charles City,Jerry,1,,75,43.5,62.00,12.40,34.70,,,,,
2016,3,Charles City,Leggett,1,,90,40.0,45.40,12.20,33.25,,,,,
2016,3,Charles City,Deon,1,,0,45.5,100.70,13.45,34.65,,,,,
2016,3,Charles City,Goliath,1,,90,54.5,34.00,12.20,36.20,,,,,
2016,3,Charles City,Badger,1,,50,37.5,75.30,12.50,31.60,,,,,
2016,3,Charles City,Rockford,1,,95,44.5,56.10,12.70,34.85,,,,,
2016,3,Charles City,Reins,1,,10,36.5,116.50,12.85,35.20,,,,,
2016,3,Charles City,Shelby 427,1,,95,42.5,69.20,11.90,35.95,,,,,
2016,3,Charles City,Saber,1,,95,41.5,81.60,12.40,33.50,,,,,
2016,3,Charles City,Souris,1,,95,42.0,37.20,12.50,33.75,,,,,
2016,3,Charles City,Natty,1,,50,47.5,102.80,13.15,34.95,,,,,
2016,3,Charles City,Hayden,1,,95,47.5,41.90,12.65,35.85,,,,,
2016,3,Charles City,Hayden,2,,10,41.0,64.60,12.85,36.55,,,,,
2016,3,Charles City,Deon,2,,0,43.0,102.60,13.30,35.25,,,,,
2016,3,Charles City,Souris,2,,90,38.5,36.60,12.45,33.65,,,,,
2016,3,Charles City,Natty,2,,50,42.5,74.20,12.75,34.55,,,,,
2016,3,Charles City,Rockford,2,,80,41.5,50.00,12.55,35.85,,,,,
2016,3,Charles City,Reins,2,,10,31.0,82.00,12.60,35.15,,,,,
2016,3,Charles City,Saber,2,,15,35.0,77.60,12.60,34.55,,,,,
2016,3,Charles City,Excel,2,,15,35.5,57.40,12.50,34.05,,,,,
2016,3,Charles City,Shelby 427,2,,75,40.0,67.00,12.40,35.20,,,,,
2016,3,Charles City,Jerry,2,,80,43.5,58.00,12.60,34.90,,,,,
2016,3,Charles City,Horsepower,2,,90,34.0,55.20,12.30,33.40,,,,,
2016,3,Charles City,Badger,2,,15,36.0,75.50,12.60,32.65,,,,,
2016,3,Charles City,Goliath,2,,90,50.5,40.00,12.25,35.35,,,,,
2016,3,Charles City,Leggett,2,,90,37.5,59.00,12.45,33.05,,,,,
2016,3,Charles City,BetaGene,2,,0,40.5,56.10,13.20,31.80,,,,,
2016,3,Charles City,Goliath,3,,15,46.5,56.00,12.85,37.25,,,,,
2016,3,Charles City,Reins,3,,0,28.5,72.00,12.55,35.50,,,,,
2016,3,Charles City,Shelby 427,3,,10,35.5,52.40,12.55,35.60,,,,,
2016,3,Charles City,Excel,3,,5,38.0,79.00,12.70,34.00,,,,,
2016,3,Charles City,Horsepower,3,,10,34.0,65.90,12.30,34.25,,,,,
2016,3,Charles City,Hayden,3,,5,37.5,57.60,12.65,36.75,,,,,
2016,3,Charles City,Souris,3,,30,32.0,47.90,12.50,33.85,,,,,
2016,3,Charles City,Natty,3,,0,34.5,56.30,13.35,35.10,,,,,
2016,3,Charles City,Saber,3,,0,35.5,85.70,12.85,34.00,,,,,
2016,3,Charles City,Leggett,3,,30,38.5,61.20,12.65,34.15,,,,,
2016,3,Charles City,BetaGene,3,,0,35.5,82.00,12.95,33.05,,,,,
2016,3,Charles City,Jerry,3,,15,41.5,55.80,12.80,35.50,,,,,
2016,3,Charles City,Badger,3,,20,35.5,70.00,12.80,33.55,,,,,
2016,3,Charles City,Rockford,3,,95,42.5,41.10,12.50,35.90,,,,,
2016,3,Charles City,Deon,3,,0,40.0,92.30,13.55,35.25,,,,,
2017,1,Kanawha,Antigo,1,,50,29.5,41.50,12.06,39.65,,,,,
2017,1,Kanawha,BetaGene,1,,30,33.0,69.70,11.95,34.65,,,,,
2017,1,Kanawha,Horsepower,1,,60,28.0,71.20,11.80,36.20,,,,,
2017,1,Kanawha,Jerry,1,,75,34.5,44.00,12.10,36.40,,,,,
2017,1,Kanawha,Leggett,1,,50,32.5,64.10,12.00,35.35,,,,,
2017,1,Kanawha,Deon,1,,30,35.0,73.00,12.30,35.90,,,,,
2017,1,Kanawha,Goliath,1,,95,41.0,61.90,12.05,36.75,,,,,
2017,1,Kanawha,Sumo,1,,50,32.5,47.50,12.70,37.00,,,,,
2017,1,Kanawha,Rockford,1,,20,35.0,51.80,11.90,37.65,,,,,
2017,1,Kanawha,Reins,1,,5,29.0,57.10,12.20,37.60,,,,,
2017,1,Kanawha,Shelby 427,1,,15,30.5,44.00,12.10,35.65,,,,,
2017,1,Kanawha,Saber,1,,60,28.5,75.20,12.30,35.55,,,,,
2017,1,Kanawha,Souris,1,,90,31.0,74.80,11.80,34.80,,,,,
2017,1,Kanawha,Natty,1,,85,37.5,83.80,12.45,37.15,,,,,
2017,1,Kanawha,Hayden,1,,50,33.0,77.80,12.15,37.80,,,,,
2017,1,Kanawha,Hayden,2,,60,33.5,75.10,11.65,36.00,,,,,
2017,1,Kanawha,Deon,2,,50,36.0,69.30,12.20,36.80,,,,,
2017,1,Kanawha,Souris,2,,95,34.0,71.40,11.75,34.80,,,,,
2017,1,Kanawha,Natty,2,,90,38.0,85.50,12.30,36.10,,,,,
2017,1,Kanawha,Rockford,2,,90,35.5,53.90,12.15,37.20,,,,,
2017,1,Kanawha,Reins,2,,5,26.0,44.40,12.10,37.70,,,,,
2017,1,Kanawha,Saber,2,,75,32.0,68.60,11.75,36.00,,,,,
2017,1,Kanawha,Antigo,2,,95,28.5,66.90,12.40,39.50,,,,,
2017,1,Kanawha,Shelby 427,2,,25,34.0,46.10,12.00,35.60,,,,,
2017,1,Kanawha,Jerry,2,,90,35.5,40.80,11.45,36.05,,,,,
2017,1,Kanawha,Horsepower,2,,95,29.0,67.50,11.35,35.95,,,,,
2017,1,Kanawha,Sumo,2,,25,34.0,68.00,12.50,37.30,,,,,
2017,1,Kanawha,Goliath,2,,95,40.5,52.20,11.70,37.25,,,,,
2017,1,Kanawha,Leggett,2,,50,32.0,84.20,11.60,35.55,,,,,
2017,1,Kanawha,BetaGene,2,,50,31.5,79.80,11.80,35.15,,,,,
2017,1,Kanawha,Goliath,3,,90,44.0,73.50,12.00,37.40,,,,,
2017,1,Kanawha,Reins,3,,5,34.0,68.60,11.90,37.20,,,,,
2017,1,Kanawha,Shelby 427,3,,20,36.0,50.00,12.00,35.95,,,,,
2017,1,Kanawha,Antigo,3,,90,34.0,64.40,11.70,40.25,,,,,
2017,1,Kanawha,Horsepower,3,,95,31.5,86.60,11.45,34.65,,,,,
2017,1,Kanawha,Hayden,3,,80,36.5,60.10,12.05,36.70,,,,,
2017,1,Kanawha,Souris,3,,95,34.0,58.70,11.60,35.65,,,,,
2017,1,Kanawha,Natty,3,,95,39.0,77.10,12.25,36.35,,,,,
2017,1,Kanawha,Saber,3,,50,32.0,91.10,12.10,36.50,,,,,
2017,1,Kanawha,Leggett,3,,75,31.5,83.00,11.45,35.25,,,,,
2017,1,Kanawha,BetaGene,3,,70,30.5,89.10,11.90,33.75,,,,,
2017,1,Kanawha,Jerry,3,,95,39.0,51.50,11.80,36.55,,,,,
2017,1,Kanawha,Sumo,3,,55,31.0,46.50,12.90,38.55,,,,,
2017,1,Kanawha,Rockford,3,,95,35.5,65.40,12.15,37.70,,,,,
2017,1,Kanawha,Deon,3,,70,36.0,87.30,12.40,36.75,,,,,
2017,2,Nashua,Saber,1,40,0,28.0,116.08,12.50,33.07,0.99,0,0,2,1
2017,2,Nashua,Saber,2,40,0,25.0,115.99,12.00,34.75,1.28,0,0,3,4
2017,2,Nashua,Saber,3,40,0,28.5,133.61,12.30,33.75,0.99,1,0,4,3
2017,2,Nashua,Saber,4,40,0,28.0,121.46,12.40,34.63,0.93,0,0,2,2
2017,2,Nashua,Antigo,1,70,5,27.0,94.58,12.30,36.90,0.87,1,0,7,2
2017,2,Nashua,Antigo,2,70,0,28.5,108.57,14.00,37.55,0.98,0,0,7,2
2017,2,Nashua,Antigo,3,70,0,26.0,93.98,13.20,37.15,1.04,1,0,8,3
2017,2,Nashua,Antigo,4,60,5,28.5,94.11,14.10,37.28,0.87,1,0,6,2
2017,2,Nashua,Shelby 427,1,50,0,32.0,97.80,13.10,35.87,1.09,0,0,2,1
2017,2,Nashua,Shelby 427,2,70,0,31.5,104.95,12.10,35.87,1.09,3,0,1,3
2017,2,Nashua,Shelby 427,3,50,0,32.0,101.31,13.60,35.50,1.31,0,0,3,1
2017,2,Nashua,Shelby 427,4,50,0,32.0,104.59,12.40,35.57,1.04,1,0,2,2
2017,2,Nashua,Reins,1,70,0,24.5,125.26,12.10,35.98,0.92,0,0,3,1
2017,2,Nashua,Reins,2,60,0,24.5,102.74,12.70,36.23,0.92,1,0,6,2
2017,2,Nashua,Reins,3,60,0,24.5,100.82,13.70,34.97,0.87,1,0,7,1
2017,2,Nashua,Reins,4,70,0,26.0,110.57,13.30,35.98,0.70,0,0,3,4
2017,2,Nashua,Rockford,1,2,0,36.0,101.13,12.80,34.68,1.43,0,0,3,2
2017,2,Nashua,Rockford,2,2,0,34.5,101.27,13.00,34.23,1.32,0,0,3,3
2017,2,Nashua,Rockford,3,2,0,32.0,99.46,12.30,34.82,1.21,1,0,5,2
2017,2,Nashua,Rockford,4,2,0,37.0,101.44,13.80,34.15,1.10,0,0,2,2
2017,2,Nashua,Natty,1,70,5,35.0,119.61,13.20,34.40,1.06,1,0,3,2
2017,2,Nashua,Natty,2,70,2,36.0,126.94,12.50,35.75,1.26,0,0,3,1
2017,2,Nashua,Natty,3,70,0,31.5,117.41,12.90,34.40,0.95,2,0,3,1
2017,2,Nashua,Natty,4,70,5,35.5,114.52,14.50,34.80,1.11,0,0,3,3
2017,2,Nashua,Goliath,1,0,20,40.0,123.47,12.30,35.43,1.23,1,0,2,1
2017,2,Nashua,Goliath,2,1,30,39.0,117.01,13.20,35.42,1.34,1,0,4,2
2017,2,Nashua,Goliath,3,0,25,38.5,118.43,12.70,35.08,1.29,0,0,1,1
2017,2,Nashua,Goliath,4,0,35,40.0,116.40,13.10,35.67,1.06,1,0,2,2
2017,2,Nashua,Souris,1,10,0,30.5,110.09,11.90,33.18,1.02,2,0,3,1
2017,2,Nashua,Souris,2,10,5,30.0,124.37,12.20,32.85,1.02,2,0,4,2
2017,2,Nashua,Souris,3,10,0,28.5,112.59,12.30,32.48,1.02,2,0,6,1
2017,2,Nashua,Souris,4,10,2,29.0,117.12,12.00,33.20,0.90,3,0,6,3
2017,2,Nashua,Deon,1,2,0,31.2,123.52,12.80,34.52,1.59,0,0,3,1
2017,2,Nashua,Deon,2,2,0,30.5,130.76,12.70,34.15,1.54,0,0,3,1
2017,2,Nashua,Deon,3,1,0,32.5,129.41,12.60,34.12,1.39,0,0,4,2
2017,2,Nashua,Deon,4,1,0,33.0,123.38,12.10,33.87,1.19,0,0,3,1
2017,2,Nashua,Leggett,1,5,0,32.5,116.29,12.90,32.73,1.24,0,0,3,2
2017,2,Nashua,Leggett,2,5,0,31.0,117.41,11.50,33.18,1.36,2,0,5,3
2017,2,Nashua,Leggett,3,5,0,29.5,115.10,12.10,32.70,1.07,1,0,4,2
2017,2,Nashua,Leggett,4,5,0,30.2,120.99,12.20,33.12,1.30,0,0,6,2
2017,2,Nashua,Hayden,1,10,2,34.0,133.98,12.30,36.12,1.49,0,0,3,3
2017,2,Nashua,Hayden,2,10,2,32.0,130.15,12.10,35.58,1.27,0,0,2,2
2017,2,Nashua,Hayden,3,10,2,32.0,131.73,12.30,35.97,1.33,1,0,3,2
2017,2,Nashua,Hayden,4,10,2,31.2,119.62,12.10,35.50,1.11,0,0,1,4
2017,2,Nashua,Sumo,1,80,0,28.0,103.86,12.70,35.62,1.05,0,0,8,2
2017,2,Nashua,Sumo,2,80,0,29.5,108.84,12.90,35.82,1.16,0,0,8,4
2017,2,Nashua,Sumo,3,80,5,28.5,94.28,13.60,35.38,1.27,1,0,8,2
2017,2,Nashua,Sumo,4,80,5,29.5,109.09,12.40,35.38,1.16,1,0,7,3
2017,2,Nashua,BetaGene,1,30,0,31.0,120.10,12.30,32.35,0.99,0,0,5,2
2017,2,Nashua,BetaGene,2,30,0,28.5,116.05,12.80,32.30,1.03,0,0,5,2
2017,2,Nashua,BetaGene,3,30,0,28.5,110.83,12.80,31.80,0.85,1,0,2,1
2017,2,Nashua,BetaGene,4,30,0,30.5,115.61,12.00,31.97,0.99,1,0,5,3
2017,2,Nashua,Horsepower,1,20,2,27.0,124.18,11.80,35.10,1.12,1,0,6,1
2017,2,Nashua,Horsepower,2,20,0,26.0,122.95,11.60,35.02,0.99,0,0,5,4
2017,2,Nashua,Horsepower,3,20,0,24.0,117.14,11.70,34.58,0.74,0,0,5,2
2017,2,Nashua,Horsepower,4,10,0,27.0,113.81,12.80,34.17,0.74,1,0,6,3
2017,2,Nashua,Jerry,1,10,0,32.0,97.32,13.20,34.25,1.20,1,0,7,1
2017,2,Nashua,Jerry,2,10,0,32.0,99.27,11.80,35.17,1.02,1,0,7,4
2017,2,Nashua,Jerry,3,10,0,30.0,85.76,12.10,34.30,0.78,1,0,4,3
2017,2,Nashua,Jerry,4,10,0,32.0,93.61,12.50,34.57,0.78,1,0,6,3
2017,3,Charles City,Antigo,1,,75,32.0,58.00,13.30,39.35,,,,,
2017,3,Charles City,BetaGene,1,,5,34.0,61.30,13.05,34.40,,,,,
2017,3,Charles City,Horsepower,1,,95,30.5,68.30,13.00,34.90,,,,,
2017,3,Charles City,Jerry,1,,95,41.0,60.20,12.70,37.60,,,,,
2017,3,Charles City,Leggett,1,,75,37.0,74.50,13.10,33.95,,,,,
2017,3,Charles City,Deon,1,,10,38.5,83.80,13.25,35.45,,,,,
2017,3,Charles City,Goliath,1,,95,45.5,78.90,12.85,35.20,,,,,
2017,3,Charles City,Sumo,1,,10,36.0,63.20,13.75,36.85,,,,,
2017,3,Charles City,Rockford,1,,85,38.0,40.80,12.95,36.40,,,,,
2017,3,Charles City,Reins,1,,5,29.0,86.10,13.05,36.70,,,,,
2017,3,Charles City,Shelby 427,1,,75,38.5,79.30,12.85,36.55,,,,,
2017,3,Charles City,Saber,1,,10,35.0,93.30,13.10,36.30,,,,,
2017,3,Charles City,Souris,1,,60,34.5,70.90,12.90,34.15,,,,,
2017,3,Charles City,Natty,1,,30,40.5,62.10,13.40,35.55,,,,,
2017,3,Charles City,Hayden,1,,85,36.0,86.30,13.15,36.30,,,,,
2017,3,Charles City,Hayden,2,,25,34.5,69.90,13.25,35.00,,,,,
2017,3,Charles City,Deon,2,,10,35.5,60.00,13.95,34.55,,,,,
2017,3,Charles City,Souris,2,,70,31.0,61.90,12.75,34.55,,,,,
2017,3,Charles City,Natty,2,,70,37.5,60.30,13.05,36.00,,,,,
2017,3,Charles City,Rockford,2,,70,35.5,42.80,13.00,36.20,,,,,
2017,3,Charles City,Reins,2,,5,27.0,83.50,12.70,37.15,,,,,
2017,3,Charles City,Saber,2,,25,34.5,82.90,13.00,36.30,,,,,
2017,3,Charles City,Antigo,2,,10,32.5,45.70,13.45,38.47,,,,,
2017,3,Charles City,Shelby 427,2,,25,37.0,70.10,12.70,36.35,,,,,
2017,3,Charles City,Jerry,2,,70,35.0,59.30,12.50,36.80,,,,,
2017,3,Charles City,Horsepower,2,,95,30.0,70.50,12.55,35.55,,,,,
2017,3,Charles City,Sumo,2,,15,33.0,48.00,13.25,36.15,,,,,
2017,3,Charles City,Goliath,2,,95,46.5,74.40,13.15,35.70,,,,,
2017,3,Charles City,Leggett,2,,40,34.0,59.90,12.85,33.60,,,,,
2017,3,Charles City,BetaGene,2,,15,33.5,69.30,12.95,32.30,,,,,
2017,3,Charles City,Goliath,3,,80,40.5,58.00,13.20,35.20,,,,,
2017,3,Charles City,Reins,3,,5,23.0,56.80,13.25,37.05,,,,,
2017,3,Charles City,Shelby 427,3,,15,31.0,47.10,13.00,35.90,,,,,
2017,3,Charles City,Antigo,3,,15,27.5,25.30,13.10,38.10,,,,,
2017,3,Charles City,Horsepower,3,,90,25.0,61.40,13.00,34.80,,,,,
2017,3,Charles City,Hayden,3,,25,31.5,57.90,13.35,35.65,,,,,
2017,3,Charles City,Souris,3,,40,27.5,65.90,12.90,33.95,,,,,
2017,3,Charles City,Natty,3,,15,32.0,50.50,13.80,35.05,,,,,
2017,3,Charles City,Saber,3,,5,31.5,68.10,12.60,36.00,,,,,
2017,3,Charles City,Leggett,3,,10,30.5,42.20,12.90,33.45,,,,,
2017,3,Charles City,BetaGene,3,,10,30.5,51.60,12.80,33.25,,,,,
2017,3,Charles City,Jerry,3,,50,31.0,44.00,12.65,35.65,,,,,
2017,3,Charles City,Sumo,3,,5,29.5,54.40,14.15,35.90,,,,,
2017,3,Charles City,Rockford,3,,50,35.0,43.60,12.85,36.20,,,,,
2017,3,Charles City,Deon,3,,5,34.0,61.10,13.40,34.70,,,,,
2018,1,Kanawha,Sumo,1,,20,32.5,37.90,14.00,32.85,,,,,
2018,1,Kanawha,Antigo,1,,95,34.5,44.30,14.10,34.00,,,,,
2018,1,Kanawha,Saber,1,,95,32.0,65.80,13.90,30.90,,,,,
2018,1,Kanawha,Hayden,1,,90,35.5,62.00,14.00,32.55,,,,,
2018,1,Kanawha,Pearl,1,,50,36.5,60.70,13.80,33.10,,,,,
2018,1,Kanawha,Saddle,1,,25,36.0,62.00,13.80,31.10,,,,,
2018,1,Kanawha,Natty,1,,95,36.0,65.80,13.60,32.55,,,,,
2018,1,Kanawha,Shelby 427,1,,95,36.5,53.10,13.70,33.30,,,,,
2018,1,Kanawha,Reins,1,,90,31.5,44.30,14.00,32.95,,,,,
2018,1,Kanawha,Horsepower,1,,95,32.5,51.80,14.00,30.55,,,,,
2018,1,Kanawha,Jerry,1,,95,39.0,35.40,13.80,29.50,,,,,
2018,1,Kanawha,Esker,1,,95,34.5,67.00,13.50,28.30,,,,,
2018,1,Kanawha,BetaGene,1,,95,36.5,45.50,13.50,24.70,,,,,
2018,1,Kanawha,Ron,1,,95,35.0,54.40,13.80,27.90,,,,,
2018,1,Kanawha,CS Camden,1,,95,34.0,44.30,14.10,26.35,,,,,
2018,1,Kanawha,Deon,1,,95,37.5,49.30,13.90,28.50,,,,,
2018,1,Kanawha,Shelby 427,2,,95,33.0,49.30,13.60,32.45,,,,,
2018,1,Kanawha,Pearl,2,,70,32.5,59.40,13.70,33.40,,,,,
2018,1,Kanawha,Reins,2,,90,30.0,46.80,13.80,32.95,,,,,
2018,1,Kanawha,Deon,2,,95,36.0,59.40,13.40,30.80,,,,,
2018,1,Kanawha,Horsepower,2,,95,32.5,41.70,13.50,25.55,,,,,
2018,1,Kanawha,Esker,2,,95,34.5,72.10,13.60,29.75,,,,,
2018,1,Kanawha,Jerry,2,,95,36.5,34.10,13.70,29.00,,,,,
2018,1,Kanawha,CS Camden,2,,95,35.5,44.30,13.60,23.95,,,,,
2018,1,Kanawha,Hayden,2,,95,36.5,55.60,13.90,29.45,,,,,
2018,1,Kanawha,BetaGene,2,,95,38.5,54.40,13.60,24.70,,,,,
2018,1,Kanawha,Antigo,2,,95,35.0,48.10,14.20,28.25,,,,,
2018,1,Kanawha,Saddle,2,,25,36.5,68.30,14.00,29.00,,,,,
2018,1,Kanawha,Natty,2,,95,39.0,74.60,13.80,32.35,,,,,
2018,1,Kanawha,Sumo,2,,30,33.5,59.40,14.30,32.90,,,,,
2018,1,Kanawha,Ron,2,,95,38.5,77.10,13.50,28.60,,,,,
2018,1,Kanawha,Saber,2,,95,34.0,70.80,14.20,30.10,,,,,
2018,1,Kanawha,Natty,3,,85,37.5,69.40,14.60,32.35,,,,,
2018,1,Kanawha,Saddle,3,,5,32.0,55.80,14.50,30.15,,,,,
2018,1,Kanawha,Jerry,3,,95,36.0,33.50,14.50,29.75,,,,,
2018,1,Kanawha,Sumo,3,,15,33.5,42.10,14.20,32.65,,,,,
2018,1,Kanawha,Hayden,3,,95,37.0,58.30,14.00,30.05,,,,,
2018,1,Kanawha,Antigo,3,,95,36.5,43.40,13.90,31.00,,,,,
2018,1,Kanawha,Shelby 427,3,,95,40.0,55.80,13.80,32.35,,,,,
2018,1,Kanawha,Deon,3,,90,35.0,63.20,13.60,29.50,,,,,
2018,1,Kanawha,Reins,3,,95,31.5,62.00,14.10,33.30,,,,,
2018,1,Kanawha,BetaGene,3,,95,38.5,71.90,13.60,27.85,,,,,
2018,1,Kanawha,Saber,3,,95,36.5,66.90,14.00,30.70,,,,,
2018,1,Kanawha,CS Camden,3,,95,36.5,42.20,13.40,23.60,,,,,
2018,1,Kanawha,Ron,3,,95,37.5,58.30,13.40,25.60,,,,,
2018,1,Kanawha,Esker,3,,95,35.5,71.90,13.70,28.40,,,,,
2018,1,Kanawha,Pearl,3,,85,39.0,80.60,14.20,32.60,,,,,
2018,1,Kanawha,Horsepower,3,,95,32.5,66.90,14.00,29.95,,,,,
2018,2,Nashua,Antigo,1,95,20,28.5,79.94,12.13,34.58,1.02,0,0,1,1
2018,2,Nashua,Antigo,2,95,60,33.0,72.30,11.90,33.99,0.95,0,0,2,2
2018,2,Nashua,Antigo,3,95,5,33.5,84.35,12.50,34.86,1.02,1,0,2,3
2018,2,Nashua,BetaGene,1,70,0,34.5,82.08,11.83,31.29,1.08,0,0,1,1
2018,2,Nashua,BetaGene,2,70,20,36.5,90.48,12.10,30.09,1.08,0,0,1,2
2018,2,Nashua,BetaGene,3,90,2,37.0,99.53,12.00,31.84,1.42,0,0,1,1
2018,2,Nashua,CS Camden,1,10,2,33.5,94.56,11.33,29.52,0.98,1,0,2,1
2018,2,Nashua,CS Camden,2,10,2,35.0,105.64,11.63,31.32,1.20,1,0,1,1
2018,2,Nashua,CS Camden,3,20,15,32.0,88.14,11.50,28.66,1.03,2,0,2,1
2018,2,Nashua,Deon,1,10,2,39.0,108.59,12.80,32.45,1.59,0,0,1,1
2018,2,Nashua,Deon,2,5,0,39.0,116.80,12.77,33.49,1.75,0,0,1,1
2018,2,Nashua,Deon,3,5,0,39.0,100.80,13.23,33.51,1.54,0,0,1,1
2018,2,Nashua,Esker,1,95,0,36.0,85.50,11.63,31.01,1.30,0,0,1,1
2018,2,Nashua,Esker,2,95,0,35.0,87.22,12.30,31.44,1.40,1,0,1,2
2018,2,Nashua,Esker,3,40,2,36.0,97.01,11.63,31.59,1.04,2,0,1,1
2018,2,Nashua,Hayden,1,75,2,36.5,96.91,12.27,34.70,1.42,2,0,2,2
2018,2,Nashua,Hayden,2,90,10,35.0,108.84,12.20,34.37,1.42,0,0,1,2
2018,2,Nashua,Hayden,3,20,5,37.0,98.55,12.00,34.50,1.42,1,0,1,1
2018,2,Nashua,Horsepower,1,85,70,32.0,66.13,11.87,32.78,0.83,3,0,2,1
2018,2,Nashua,Horsepower,2,90,90,34.0,69.67,11.97,32.39,0.76,3,0,2,1
2018,2,Nashua,Horsepower,3,95,70,31.0,74.52,11.93,33.15,0.95,5,0,3,1
2018,2,Nashua,Jerry,1,40,5,36.5,76.85,12.07,32.08,1.27,1,0,1,3
2018,2,Nashua,Jerry,2,80,60,36.0,80.30,12.00,32.54,1.08,3,0,3,3
2018,2,Nashua,Jerry,3,30,90,40.0,83.41,12.37,31.37,1.21,2,0,1,2
2018,2,Nashua,Pearl,1,5,0,35.0,87.52,12.77,33.69,1.09,0,0,1,2
2018,2,Nashua,Pearl,2,10,0,37.0,106.36,13.33,33.93,1.47,0,0,2,1
2018,2,Nashua,Pearl,3,10,2,36.5,97.73,12.87,33.80,1.09,1,0,1,2
2018,2,Nashua,Natty,1,95,2,36.5,92.59,12.57,33.64,1.65,2,0,1,1
2018,2,Nashua,Natty,2,95,5,37.0,103.13,13.03,34.87,1.42,1,0,1,1
2018,2,Nashua,Natty,3,80,2,39.0,97.58,13.20,33.41,1.71,1,0,1,1
2018,2,Nashua,Ron,1,40,2,36.0,101.87,12.43,32.07,1.76,0,0,1,1
2018,2,Nashua,Ron,2,5,2,34.5,96.58,12.27,31.83,1.40,1,1,1,2
2018,2,Nashua,Ron,3,25,0,37.0,105.78,12.53,31.79,1.88,0,0,1,2
2018,2,Nashua,Reins,1,95,0,26.0,87.52,12.80,35.16,1.00,2,0,1,2
2018,2,Nashua,Reins,2,95,5,25.5,86.00,12.37,33.18,0.62,2,0,1,1
2018,2,Nashua,Reins,3,95,5,28.0,95.76,12.50,34.05,1.06,2,1,1,1
2018,2,Nashua,Saber,1,95,2,30.0,80.98,12.80,32.37,1.22,1,0,2,1
2018,2,Nashua,Saber,2,95,0,33.5,84.07,12.37,34.30,1.11,2,0,2,2
2018,2,Nashua,Saber,3,95,0,35.5,91.17,12.57,32.50,1.17,0,0,1,2
2018,2,Nashua,Saddle,1,95,0,34.0,84.15,13.23,32.55,1.57,0,0,1,1
2018,2,Nashua,Saddle,2,95,0,33.0,84.89,13.20,32.23,1.67,0,0,1,2
2018,2,Nashua,Saddle,3,95,0,35.0,89.15,13.20,33.62,1.48,0,0,1,1
2018,2,Nashua,Shelby 427,1,95,2,35.5,74.38,13.03,33.35,1.51,1,0,1,1
2018,2,Nashua,Shelby 427,2,95,5,37.0,82.19,12.77,34.54,1.45,1,1,1,1
2018,2,Nashua,Shelby 427,3,95,2,37.0,86.89,12.67,34.29,1.39,1,0,1,1
2018,2,Nashua,Sumo,1,95,0,34.0,78.18,13.33,33.51,1.15,0,0,1,1
2018,2,Nashua,Sumo,2,95,2,33.5,87.90,13.73,33.99,1.63,0,0,1,1
2018,2,Nashua,Sumo,3,95,0,31.5,91.38,13.63,34.45,1.78,1,0,1,1
2018,3,Charles City,Antigo,1,,95,31.5,58.80,13.90,35.10,,,,,
2018,3,Charles City,Saber,1,,95,30.0,60.00,13.70,34.10,,,,,
2018,3,Charles City,Hayden,1,,90,35.5,43.40,13.70,34.80,,,,,
2018,3,Charles City,Pearl,1,,90,34.0,62.60,13.50,34.00,,,,,
2018,3,Charles City,Saddle,1,,5,29.0,75.40,13.80,32.10,,,,,
2018,3,Charles City,Natty,1,,20,34.0,63.90,13.90,33.90,,,,,
2018,3,Charles City,Shelby 427,1,,75,33.5,54.90,13.40,35.40,,,,,
2018,3,Charles City,Reins,1,,20,25.5,66.40,13.70,35.30,,,,,
2018,3,Charles City,Horsepower,1,,95,27.5,17.90,13.70,32.90,,,,,
2018,3,Charles City,Jerry,1,,95,31.5,12.80,13.50,33.70,,,,,
2018,3,Charles City,Esker,1,,45,27.5,56.20,13.50,33.05,,,,,
2018,3,Charles City,BetaGene,1,,15,26.5,56.20,13.60,33.35,,,,,
2018,3,Charles City,Ron,1,,10,27.0,33.20,13.20,33.00,,,,,
2018,3,Charles City,CS Camden,1,,5,28.5,40.90,13.20,32.90,,,,,
2018,3,Charles City,Deon,1,,15,27.5,35.80,13.40,33.25,,,,,
2018,3,Charles City,Sumo,1,,15,30.0,47.30,13.70,33.65,,,,,
2018,3,Charles City,Pearl,2,,25,32.0,85.60,13.80,34.15,,,,,
2018,3,Charles City,Reins,2,,25,26.5,95.80,13.50,34.85,,,,,
2018,3,Charles City,Deon,2,,20,32.5,67.70,13.60,32.40,,,,,
2018,3,Charles City,Horsepower,2,,95,26.5,49.80,13.40,32.45,,,,,
2018,3,Charles City,Esker,2,,60,30.0,69.00,13.40,32.65,,,,,
2018,3,Charles City,Jerry,2,,95,32.5,19.20,13.40,33.75,,,,,
2018,3,Charles City,CS Camden,2,,15,31.5,63.90,12.40,31.45,,,,,
2018,3,Charles City,BetaGene,2,,10,28.0,77.90,13.60,31.15,,,,,
2018,3,Charles City,Hayden,2,,45,30.5,52.40,13.40,35.70,,,,,
2018,3,Charles City,Antigo,2,,45,29.5,53.60,13.60,37.05,,,,,
2018,3,Charles City,Saddle,2,,5,28.0,57.50,13.30,32.50,,,,,
2018,3,Charles City,Natty,2,,15,31.5,58.80,13.70,33.00,,,,,
2018,3,Charles City,Sumo,2,,5,28.5,34.50,13.50,34.00,,,,,
2018,3,Charles City,Ron,2,,5,29.0,46.00,13.30,35.05,,,,,
2018,3,Charles City,Shelby 427,2,,20,28.0,35.80,13.50,35.00,,,,,
2018,3,Charles City,Saber,2,,10,25.5,48.50,13.60,33.70,,,,,
2018,3,Charles City,Saddle,3,,5,28.5,94.50,13.70,32.65,,,,,
2018,3,Charles City,Jerry,3,,95,34.5,58.80,13.70,33.80,,,,,
2018,3,Charles City,Sumo,3,,25,32.5,83.00,14.40,34.95,,,,,
2018,3,Charles City,Shelby 427,3,,95,33.5,60.00,13.50,35.35,,,,,
2018,3,Charles City,Antigo,3,,80,30.5,69.00,13.90,36.50,,,,,
2018,3,Charles City,Hayden,3,,85,29.5,54.90,13.90,34.70,,,,,
2018,3,Charles City,Deon,3,,20,32.5,58.80,14.00,33.05,,,,,
2018,3,Charles City,Reins,3,,10,25.5,71.50,13.90,34.55,,,,,
2018,3,Charles City,BetaGene,3,,15,30.0,75.40,13.60,31.70,,,,,
2018,3,Charles City,CS Camden,3,,10,26.5,47.30,13.60,31.80,,,,,
2018,3,Charles City,Saber,3,,10,27.0,62.60,13.70,34.05,,,,,
2018,3,Charles City,Ron,3,,5,29.5,46.00,13.40,34.05,,,,,
2018,3,Charles City,Esker,3,,5,27.0,47.30,13.50,31.65,,,,,
2018,3,Charles City,Pearl,3,,10,29.5,48.50,13.50,34.40,,,,,
2018,3,Charles City,Horsepower,3,,35,24.5,38.30,13.40,32.55,,,,,
2018,3,Charles City,Natty,3,,25,30.0,62.60,13.20,33.40,,,,,
2018,4,Boone,Antigo,1,,5,32.5,44.60,12.25,34.50,,,,,
2018,4,Boone,Saber,1,,5,31.0,54.60,12.05,30.95,,,,,
2018,4,Boone,Hayden,1,,80,35.5,67.00,11.95,31.70,,,,,
2018,4,Boone,Pearl,1,,75,32.5,64.50,11.80,31.80,,,,,
2018,4,Boone,Saddle,1,,10,34.0,64.50,12.10,31.30,,,,,
2018,4,Boone,Natty,1,,95,36.5,59.50,11.75,32.80,,,,,
2018,4,Boone,Shelby 427,1,,20,36.0,34.70,12.05,32.00,,,,,
2018,4,Boone,Reins,1,,5,26.0,44.60,12.15,35.40,,,,,
2018,4,Boone,Horsepower,1,,80,28.0,36.00,12.05,30.35,,,,,
2018,4,Boone,Jerry,1,,90,35.0,29.80,12.20,30.50,,,,,
2018,4,Boone,Esker,1,,20,32.0,67.00,12.25,31.60,,,,,
2018,4,Boone,BetaGene,1,,10,36.0,60.80,11.95,30.05,,,,,
2018,4,Boone,Ron,1,,30,36.0,81.80,12.25,30.85,,,,,
2018,4,Boone,CS Camden,1,,95,30.0,67.00,12.30,29.85,,,,,
2018,4,Boone,Deon,1,,15,39.0,79.40,12.65,32.15,,,,,
2018,4,Boone,Sumo,1,,5,34.5,55.80,13.15,33.50,,,,,
2018,4,Boone,Pearl,2,,40,36.0,65.70,12.70,31.65,,,,,
2018,4,Boone,Reins,2,,5,26.5,69.30,12.45,33.70,,,,,
2018,4,Boone,Deon,2,,10,38.0,80.30,12.45,32.70,,,,,
2018,4,Boone,Horsepower,2,,90,28.5,49.90,12.60,28.85,,,,,
2018,4,Boone,Esker,2,,10,35.5,59.60,12.25,29.35,,,,,
2018,4,Boone,Jerry,2,,95,37.5,45.00,12.45,30.80,,,,,
2018,4,Boone,CS Camden,2,,50,29.0,58.40,12.55,29.70,,,,,
2018,4,Boone,BetaGene,2,,15,31.5,70.50,11.85,29.60,,,,,
2018,4,Boone,Hayden,2,,95,35.0,71.70,12.95,32.65,,,,,
2018,4,Boone,Saddle,2,,5,33.0,62.00,12.35,31.35,,,,,
2018,4,Boone,Antigo,2,,25,31.5,48.60,12.65,32.40,,,,,
2018,4,Boone,Natty,2,,90,36.5,57.20,12.35,32.10,,,,,
2018,4,Boone,Sumo,2,,5,34.0,58.40,12.85,33.90,,,,,
2018,4,Boone,Ron,2,,15,35.5,82.70,12.20,30.65,,,,,
2018,4,Boone,Shelby 427,2,,60,35.0,47.40,12.80,31.55,,,,,
2018,4,Boone,Saber,2,,5,33.0,63.20,12.80,32.10,,,,,
2018,4,Boone,Saddle,3,,0,32.0,51.60,12.40,32.35,,,,,
2018,4,Boone,Jerry,3,,95,38.0,49.10,11.95,30.55,,,,,
2018,4,Boone,Sumo,3,,10,33.5,65.10,12.60,34.25,,,,,
2018,4,Boone,Shelby 427,3,,45,36.5,55.30,12.40,32.20,,,,,
2018,4,Boone,Hayden,3,,95,34.5,71.20,11.80,32.95,,,,,
2018,4,Boone,Antigo,3,,10,31.5,51.60,12.35,34.20,,,,,
2018,4,Boone,Deon,3,,40,36.0,78.60,12.05,32.55,,,,,
2018,4,Boone,Reins,3,,5,26.0,62.60,12.15,33.85,,,,,
2018,4,Boone,BetaGene,3,,25,34.5,60.20,11.70,29.40,,,,,
2018,4,Boone,CS Camden,3,,90,31.0,74.90,11.60,27.90,,,,,
2018,4,Boone,Saber,3,,30,31.5,54.00,13.40,31.55,,,,,
2018,4,Boone,Ron,3,,55,35.0,76.10,13.15,31.45,,,,,
2018,4,Boone,Esker,3,,35,35.5,56.50,13.35,31.75,,,,,
2018,4,Boone,Pearl,3,,95,36.5,58.90,12.35,31.15,,,,,
2018,4,Boone,Horsepower,3,,95,28.5,55.30,12.40,28.70,,,,,
2018,4,Boone,Natty,3,,95,33.0,41.70,13.20,32.60,,,,,
2019,,Boone,Antigo,1,,60,37.00,72.69,,37.80,,,,,
2019,,Boone,Warrior,1,,5,36.00,90.70,,33.30,,,,,
2019,,Boone,Hayden,1,,60,38.50,71.28,,36.40,,,,,
2019,,Boone,MN 11211,1,,20,41.00,82.71,,35.00,,,,,
2019,,Boone,Saddle,1,,5,40.00,103.61,,35.20,,,,,
2019,,Boone,Natty,1,,60,45.50,78.29,,36.25,,,,,
2019,,Boone,Shelby 427,1,,80,44.00,69.79,,34.55,,,,,
2019,,Boone,Reins,1,,65,35.00,86.24,,36.25,,,,,
2019,,Boone,Horsepower,1,,95,35.00,55.56,,31.05,,,,,
2019,,Boone,Jerry,1,,95,40.00,56.30,,32.50,,,,,
2019,,Boone,Esker,1,,80,39.50,74.81,,32.05,,,,,
2019,,Boone,Goliath,1,,95,53.00,42.06,,32.25,,,,,
2019,,Boone,Ron,1,,25,39.50,80.08,,34.05,,,,,
2019,,Boone,Excel,1,,70,38.50,60.44,,28.85,,,,,
2019,,Boone,Deon,1,,50,43.50,47.28,,34.15,,,,,
2019,,Boone,Sumo,1,,10,43.00,71.85,,38.00,,,,,
2019,,Boone,MN 11211,2,,25,36.50,86.06,,34.45,,,,,
2019,,Boone,Reins,2,,30,37.50,89.75,,36.20,,,,,
2019,,Boone,Deon,2,,20,41.50,70.82,,33.25,,,,,
2019,,Boone,Horsepower,2,,95,37.50,54.99,,29.75,,,,,
2019,,Boone,Esker,2,,65,40.50,83.77,,34.15,,,,,
2019,,Boone,Jerry,2,,95,42.00,62.37,,32.95,,,,,
2019,,Boone,Excel,2,,85,38.50,75.08,,29.30,,,,,
2019,,Boone,Goliath,2,,90,51.50,45.32,,32.30,,,,,
2019,,Boone,Hayden,2,,70,41.00,69.63,,33.95,,,,,
2019,,Boone,Saddle,2,,5,44.00,105.94,,35.60,,,,,
2019,,Boone,Antigo,2,,85,41.00,84.09,,37.75,,,,,
2019,,Boone,Natty,2,,85,47.50,82.43,,34.95,,,,,
2019,,Boone,Sumo,2,,10,43.00,62.31,,38.30,,,,,
2019,,Boone,Ron,2,,20,42.00,68.05,,34.00,,,,,
2019,,Boone,Shelby 427,2,,90,45.50,53.84,,34.90,,,,,
2019,,Boone,Warrior,2,,5,40.50,85.47,,34.15,,,,,
2019,,Boone,Saddle,3,,5,41.00,104.88,,36.50,,,,,
2019,,Boone,Jerry,3,,95,41.50,56.72,,33.85,,,,,
2019,,Boone,Sumo,3,,5,42.00,82.10,,37.80,,,,,
2019,,Boone,Shelby 427,3,,90,42.00,80.56,,37.10,,,,,
2019,,Boone,Hayden,3,,50,38.50,71.31,,35.35,,,,,
2019,,Boone,Antigo,3,,40,39.00,77.82,,39.45,,,,,
2019,,Boone,Deon,3,,25,44.00,68.97,,33.85,,,,,
2019,,Boone,Reins,3,,65,35.00,98.23,,37.25,,,,,
2019,,Boone,Goliath,3,,95,44.50,55.08,,32.70,,,,,
2019,,Boone,Excel,3,,75,39.50,62.61,,30.10,,,,,
2019,,Boone,Warrior,3,,5,40.00,89.83,,33.50,,,,,
2019,,Boone,Ron,3,,50,43.50,53.77,,32.90,,,,,
2019,,Boone,Esker,3,,35,40.50,68.41,,32.80,,,,,
2019,,Boone,MN 11211,3,,30,41.00,71.46,,34.35,,,,,
2019,,Boone,Horsepower,3,,95,37.00,36.27,,28.90,,,,,
2019,,Boone,Natty,3,,70,44.00,53.33,,36.35,,,,,
2019,,Kanawha,Antigo,1,,25,39.50,57.29,,39.85,,,,,
2019,,Kanawha,Warrior,1,,0,44.00,64.29,,35.55,,,,,
2019,,Kanawha,Hayden,1,,5,43.00,66.30,,38.05,,,,,
2019,,Kanawha,MN 11211,1,,0,44.50,76.20,,36.40,,,,,
2019,,Kanawha,Saddle,1,,0,46.00,95.73,,35.65,,,,,
2019,,Kanawha,Natty,1,,5,47.50,67.01,,38.20,,,,,
2019,,Kanawha,Shelby 427,1,,5,44.00,71.70,,37.75,,,,,
2019,,Kanawha,Reins,1,,15,39.50,84.52,,38.00,,,,,
2019,,Kanawha,Horsepower,1,,65,40.50,40.38,,33.05,,,,,
2019,,Kanawha,Jerry,1,,50,42.00,36.22,,37.20,,,,,
2019,,Kanawha,Esker,1,,5,42.50,78.50,,34.05,,,,,
2019,,Kanawha,Goliath,1,,30,51.50,42.65,,36.40,,,,,
2019,,Kanawha,Ron,1,,0,46.50,63.07,,35.60,,,,,
2019,,Kanawha,Excel,1,,55,43.00,60.74,,33.85,,,,,
2019,,Kanawha,Deon,1,,0,48.00,76.98,,36.55,,,,,
2019,,Kanawha,Sumo,1,,5,45.50,95.13,,39.00,,,,,
2019,,Kanawha,MN 11211,2,,0,37.50,65.14,,34.90,,,,,
2019,,Kanawha,Reins,2,,5,32.00,64.22,,38.05,,,,,
2019,,Kanawha,Deon,2,,0,41.50,66.13,,36.05,,,,,
2019,,Kanawha,Horsepower,2,,10,36.00,42.14,,35.45,,,,,
2019,,Kanawha,Esker,2,,5,39.50,58.89,,34.55,,,,,
2019,,Kanawha,Jerry,2,,0,40.00,48.65,,37.40,,,,,
2019,,Kanawha,Excel,2,,0,37.00,61.62,,34.60,,,,,
2019,,Kanawha,Goliath,2,,5,51.00,65.29,,36.90,,,,,
2019,,Kanawha,Hayden,2,,5,44.00,71.35,,38.70,,,,,
2019,,Kanawha,Saddle,2,,0,41.50,97.05,,36.00,,,,,
2019,,Kanawha,Antigo,2,,30,39.00,67.35,,39.05,,,,,
2019,,Kanawha,Natty,2,,5,47.50,72.41,,37.50,,,,,
2019,,Kanawha,Sumo,2,,5,42.50,82.00,,38.75,,,,,
2019,,Kanawha,Ron,2,,0,43.50,85.86,,36.00,,,,,
2019,,Kanawha,Shelby 427,2,,5,44.00,76.30,,37.30,,,,,
2019,,Kanawha,Warrior,2,,0,43.00,71.18,,35.60,,,,,
2019,,Kanawha,Saddle,3,,0,41.50,90.17,,36.50,,,,,
2019,,Kanawha,Jerry,3,,5,44.50,36.11,,37.60,,,,,
2019,,Kanawha,Sumo,3,,5,41.50,62.22,,38.50,,,,,
2019,,Kanawha,Shelby 427,3,,5,42.00,61.58,,37.35,,,,,
2019,,Kanawha,Hayden,3,,5,41.50,77.61,,37.80,,,,,
2019,,Kanawha,Antigo,3,,50,40.50,51.64,,39.95,,,,,
2019,,Kanawha,Deon,3,,0,43.50,50.60,,36.85,,,,,
2019,,Kanawha,Reins,3,,15,36.50,83.90,,37.80,,,,,
2019,,Kanawha,Goliath,3,,10,50.50,46.20,,37.00,,,,,
2019,,Kanawha,Excel,3,,20,39.50,55.61,,34.50,,,,,
2019,,Kanawha,Warrior,3,,0,40.50,63.69,,35.70,,,,,
2019,,Kanawha,Ron,3,,0,44.50,66.34,,35.75,,,,,
2019,,Kanawha,Esker,3,,5,42.50,64.01,,34.55,,,,,
2019,,Kanawha,MN 11211,3,,0,41.00,54.82,,36.85,,,,,
2019,,Kanawha,Horsepower,3,,15,37.50,39.27,,35.30,,,,,
2019,,Kanawha,Natty,3,,5,45.00,62.42,,36.85,,,,,
2019,,Charles City,Antigo,1,,,37.00,64.90,,39.95,,,,,
2019,,Charles City,Warrior,1,,,35.00,65.54,,34.30,,,,,
2019,,Charles City,Hayden,1,,,37.00,60.88,,37.60,,,,,
2019,,Charles City,MN 11211,1,,,40.50,84.97,,35.35,,,,,
2019,,Charles City,Saddle,1,,,37.50,82.75,,34.40,,,,,
2019,,Charles City,Natty,1,,,39.50,71.39,,38.15,,,,,
2019,,Charles City,Shelby 427,1,,,35.00,66.48,,37.70,,,,,
2019,,Charles City,Reins,1,,,31.50,74.64,,38.05,,,,,
2019,,Charles City,Horsepower,1,,,33.50,54.05,,34.70,,,,,
2019,,Charles City,Jerry,1,,,37.00,54.74,,35.75,,,,,
2019,,Charles City,Esker,1,,,36.00,72.01,,32.80,,,,,
2019,,Charles City,Goliath,1,,,47.00,59.59,,36.60,,,,,
2019,,Charles City,Ron,1,,,37.50,50.27,,34.80,,,,,
2019,,Charles City,Excel,1,,,33.50,72.94,,33.75,,,,,
2019,,Charles City,Deon,1,,,37.00,64.92,,34.05,,,,,
2019,,Charles City,Sumo,1,,,36.50,62.94,,37.75,,,,,
2019,,Charles City,MN 11211,2,,,41.00,89.39,,34.40,,,,,
2019,,Charles City,Reins,2,,,37.00,95.23,,36.30,,,,,
2019,,Charles City,Deon,2,,,40.50,66.24,,34.65,,,,,
2019,,Charles City,Horsepower,2,,,36.00,59.62,,31.80,,,,,
2019,,Charles City,Esker,2,,,40.50,89.73,,31.80,,,,,
2019,,Charles City,Jerry,2,,,42.50,55.98,,34.75,,,,,
2019,,Charles City,Excel,2,,,42.00,82.84,,33.45,,,,,
2019,,Charles City,Goliath,2,,,48.50,66.85,,36.10,,,,,
2019,,Charles City,Hayden,2,,,40.50,63.97,,35.85,,,,,
2019,,Charles City,Saddle,2,,,38.50,93.97,,33.65,,,,,
2019,,Charles City,Antigo,2,,,39.00,78.90,,38.35,,,,,
2019,,Charles City,Natty,2,,,43.00,71.47,,36.75,,,,,
2019,,Charles City,Sumo,2,,,41.00,62.30,,36.60,,,,,
2019,,Charles City,Ron,2,,,41.50,52.03,,32.80,,,,,
2019,,Charles City,Shelby 427,2,,,41.50,48.06,,34.55,,,,,
2019,,Charles City,Warrior,2,,,39.50,102.67,,32.60,,,,,
2019,,Charles City,Saddle,3,,,42.00,89.21,,33.75,,,,,
2019,,Charles City,Jerry,3,,,42.00,52.29,,32.80,,,,,
2019,,Charles City,Sumo,3,,,43.00,81.01,,37.30,,,,,
2019,,Charles City,Shelby 427,3,,,38.50,72.58,,35.75,,,,,
2019,,Charles City,Hayden,3,,,43.50,81.69,,36.85,,,,,
2019,,Charles City,Antigo,3,,,41.50,74.31,,37.50,,,,,
2019,,Charles City,Deon,3,,,43.50,70.53,,33.55,,,,,
2019,,Charles City,Reins,3,,,41.00,101.18,,36.75,,,,,
2019,,Charles City,Goliath,3,,,43.00,57.47,,32.70,,,,,
2019,,Charles City,Excel,3,,,39.00,76.62,,33.65,,,,,
2019,,Charles City,Warrior,3,,,41.50,74.88,,32.50,,,,,
2019,,Charles City,Ron,3,,,42.50,70.80,,33.50,,,,,
2019,,Charles City,Esker,3,,,38.50,87.72,,35.65,,,,,
2019,,Charles City,MN 11211,3,,,42.50,77.12,,35.40,,,,,
2019,,Charles City,Horsepower,3,,,38.00,55.97,,31.25,,,,,
2019,,Charles City,Natty,3,,,40.50,70.95,,37.85,,,,,
2019,,Nashua,Antigo,1,,15,,124.174458,,38.905,1.536327692,,,,
2019,,Nashua,Antigo,2,,40,,123.2839151,,38.93833333,1.351968369,,,,
2019,,Nashua,Antigo,3,,40,,117.5465252,,39.04666667,1.351968369,,,,
2019,,Nashua,Antigo,4,,15,,118.5491883,,39.08,1.290515262,,,,
2019,,Nashua,Deon,1,,5,,118.8354801,,35.49166667,2.1091752,,,,
2019,,Nashua,Deon,2,,2,,118.2483466,,35.69166667,1.946930954,,,,
2019,,Nashua,Deon,3,,2,,112.9012378,,35.68333333,1.838768123,,,,
2019,,Nashua,Deon,4,,2,,118.6249337,,35.25,2.141624049,,,,
2019,,Nashua,Esker 2020,1,,50,,133.2861538,,33.65333333,1.655011938,,,,
2019,,Nashua,Esker 2020,2,,5,,132.1067515,,33.70333333,1.477689231,,,,
2019,,Nashua,Esker 2020,3,,10,,127.1601945,,33.57,1.655011938,,,,
2019,,Nashua,Esker 2020,4,,45,,134.296092,,33.76166667,1.5367968,,,,
2019,,Nashua,Excel,1,,10,,124.8664368,,34.395,1.357865723,,,,
2019,,Nashua,Excel,2,,45,,134.1441733,,34.48666667,1.419586892,,,,
2019,,Nashua,Excel,3,,25,,130.6757206,,34.76166667,1.234423385,,,,
2019,,Nashua,Excel,4,,30,,133.3118302,,34.75333333,1.419586892,,,,
2019,,Nashua,Goliath,1,,40,,125.2391724,,36.47833333,2.182020923,,,,
2019,,Nashua,Goliath,2,,40,,121.1823024,,36.42833333,2.064073846,,,,
2019,,Nashua,Goliath,3,,5,,113.0685623,,36.81166667,1.592285538,,,,
2019,,Nashua,Goliath,4,,40,,135.2632361,,36.62,1.946126769,,,,
2019,,Nashua,Hayden,1,,10,,128.3537188,,36.23333333,1.966030338,,,,
2019,,Nashua,Hayden,2,,5,,121.2327993,,36.20833333,1.5489936,,,,
2019,,Nashua,Hayden,3,,25,,134.9302989,,36.40833333,1.429840246,,,,
2019,,Nashua,Hayden,4,,15,,140.0373333,,36.34166667,1.727723631,,,,
2019,,Nashua,Horsepower,1,,80,,118.4285093,,35.69166667,1.478091323,,,,
2019,,Nashua,Horsepower,2,,80,,123.6609302,,36.11666667,1.293329908,,,,
2019,,Nashua,Horsepower,3,,80,,111.9734642,,36.50833333,1.108568492,,,,
2019,,Nashua,Horsepower,4,,80,,129.7068647,,36.04166667,1.108568492,,,,
2019,,Nashua,Jerry,1,,80,,117.4027374,,36.675,1.960065969,,,,
2019,,Nashua,Jerry,2,,60,,121.775855,,36.76666667,1.776309785,,,,
2019,,Nashua,Jerry,3,,70,,122.4883749,,36.59166667,1.653805662,,,,
2019,,Nashua,Jerry,4,,80,,121.6954023,,36.525,1.470049477,,,,
2019,,Nashua,MN11211Pearl,1,,2,,141.0318656,,34.85166667,1.568361046,,,,
2019,,Nashua,MN11211Pearl,2,,2,,137.5955084,,34.92666667,1.514279631,,,,
2019,,Nashua,MN11211Pearl,3,,5,,136.0121309,,34.97666667,1.622442462,,,,
2019,,Nashua,MN11211Pearl,4,,5,,147.662366,,34.76,1.730605292,,,,
2019,,Nashua,Natty,1,,20,,139.7146667,,37.385,1.641876923,,,,
2019,,Nashua,Natty,2,,40,,139.8725765,,37.26,1.583238462,,,,
2019,,Nashua,Natty,3,,20,,131.5812414,,36.99333333,1.465961538,,,,
2019,,Nashua,Natty,4,,35,,129.7847498,,37.67666667,1.67706,,,,
2019,,Nashua,Reins,1,,50,,140.4177719,,37.025,1.5298272,,,,
2019,,Nashua,Reins,2,,10,,130.8879788,,37.03333333,1.294469169,,,,
2019,,Nashua,Reins,3,,30,,128.7671088,,37.13333333,1.353308677,,,,
2019,,Nashua,Reins,4,,35,,124.2737401,,37.43333333,1.117950646,,,,
2019,,Nashua,Ron,1,,2,,120.5408205,,34.425,1.739183262,,,,
2019,,Nashua,Ron,2,,5,,132.3211494,,34.325,1.847882215,,,,
2019,,Nashua,Ron,3,,5,,124.0062776,,34.07166667,1.608744517,,,,
2019,,Nashua,Ron,4,,2,,133.4761592,,34.175,1.793532738,,,,
2019,,Nashua,Saddle,1,,2,,142.9905464,,36.12833333,2.435339077,,,,
2019,,Nashua,Saddle,2,,2,,144.9179876,,35.90333333,2.170628308,,,,
2019,,Nashua,Saddle,3,,2,,142.844191,,36.15333333,1.937682831,,,,
2019,,Nashua,Saddle,4,,2,,137.6391583,,35.92833333,1.535322462,,,,
2019,,Nashua,Shelby 427,1,,30,,136.907809,,37.16666667,1.737440862,,,,
2019,,Nashua,Shelby 427,2,,40,,125.1689903,,37.35,1.677529108,,,,
2019,,Nashua,Shelby 427,3,,15,,116.7419982,,37.275,1.198235077,,,,
2019,,Nashua,Shelby 427,4,,45,,115.9460301,,37.35833333,1.294093883,,,,
2019,,Nashua,Sumo,1,,10,,126.9569231,,37.97,1.4653584,,,,
2019,,Nashua,Sumo,2,,5,,115.3075438,,37.82833333,1.578078277,,,,
2019,,Nashua,Sumo,3,,10,,129.6272679,,38.03666667,1.634438215,,,,
2019,,Nashua,Sumo,4,,30,,135.9513634,,37.695,1.578078277,,,,
2019,,Nashua,Warrior,1,,2,,118.7276393,,33.49666667,2.0307672,,,,
2019,,Nashua,Warrior,2,,2,,104.7631052,,33.09666667,1.718341477,,,,
2019,,Nashua,Warrior,3,,2,,115.704244,,33.58833333,1.978696246,,,,
2019,,Nashua,Warrior,4,,2,,119.9228753,,33.59666667,1.666270523,,,,
2020,,Boone,Antigo,1,,65,34.00,115.9790577,,38.90,,,,,
2020,,Boone,Antigo,2,,30,32.00,102.2217537,,39.90,,,,,
2020,,Boone,Antigo,3,,35,30.00,115.7122679,,40.85,,,,,
2020,,Boone,Deon,1,,30,34.00,129.7827245,,36.65,,,,,
2020,,Boone,Deon,2,,15,34.00,106.8221379,,38.45,,,,,
2020,,Boone,Deon,3,,15,32.00,115.5136771,,36.35,,,,,
2020,,Boone,Esker2020,1,,40,30.00,126.2952475,,36.00,,,,,
2020,,Boone,Esker2020,2,,55,30.50,136.3783251,,35.00,,,,,
2020,,Boone,Esker2020,3,,30,30.00,117.8997762,,34.35,,,,,
2020,,Boone,Goliath,1,,95,36.00,109.7762069,,38.05,,,,,
2020,,Boone,Goliath,2,,95,34.50,109.5365911,,36.85,,,,,
2020,,Boone,Goliath,3,,95,35.00,85.06909814,,37.20,,,,,
2020,,Boone,Hayden,1,,70,32.00,92.83331512,,37.85,,,,,
2020,,Boone,Hayden,2,,65,33.00,108.0535961,,38.05,,,,,
2020,,Boone,Hayden,3,,90,30.50,111.1218103,,35.25,,,,,
2020,,Boone,Jerry,1,,90,33.00,105.7291721,,38.05,,,,,
2020,,Boone,Jerry,2,,90,32.00,94.89857143,,38.30,,,,,
2020,,Boone,Jerry,3,,90,32.50,84.29880637,,39.95,,,,,
2020,,Boone,MN-Pearl,1,,35,33.50,106.940618,,37.80,,,,,
2020,,Boone,MN-Pearl,2,,20,31.50,98.66804926,,36.15,,,,,
2020,,Boone,MN-Pearl,3,,25,33.00,110.0891379,,37.40,,,,,
2020,,Boone,Morton,1,,65,35.50,90.21213042,,36.35,,,,,
2020,,Boone,Morton,2,,75,35.50,112.6325222,,35.05,,,,,
2020,,Boone,Morton,3,,45,35.00,97.66156333,,34.90,,,,,
2020,,Boone,Natty,1,,20,33.50,115.2763571,,39.60,,,,,
2020,,Boone,Natty,2,,10,34.50,115.3970443,,37.55,,,,,
2020,,Boone,Natty,3,,25,32.00,111.9510776,,37.25,,,,,
2020,,Boone,Ogle,1,,20,27.50,110.0891379,,35.05,,,,,
2020,,Boone,Ogle,2,,30,30.00,113.2434828,,33.80,,,,,
2020,,Boone,Ogle,3,,20,30.00,120.6060279,,34.40,,,,,
2020,,Boone,Reins,1,,5,26.50,119.8885268,,38.00,,,,,
2020,,Boone,Reins,2,,5,26.50,112.4411872,,39.45,,,,,
2020,,Boone,Reins,3,,5,25.50,126.9922281,,39.65,,,,,
2020,,Boone,Rushmore,1,,70,34.50,134.0832025,,39.00,,,,,
2020,,Boone,Rushmore,2,,45,34.00,127.1531182,,39.3,,,,,
2020,,Boone,Rushmore,3,,55,30.00,133.7563528,,39.55,,,,,
2020,,Boone,Saber,1,,5,28.00,113.0368863,,36.60,,,,,
2020,,Boone,Saber,2,,15,28.00,107.4301182,,35.65,,,,,
2020,,Boone,Saber,3,,35,27.50,131.483992,,38.20,,,,,
2020,,Boone,Saddle,1,,5,33.00,127.8877876,,37.90,,,,,
2020,,Boone,Saddle,2,,0,31.00,122.5312759,,38.25,,,,,
2020,,Boone,Saddle,3,,10,28.50,121.9407991,,37.65,,,,,
2020,,Boone,Shelby 427,1,,65,33.00,109.0877586,,39.55,,,,,
2020,,Boone,Shelby 427,2,,40,33.50,109.2755172,,39.45,,,,,
2020,,Boone,Shelby 427,3,,95,32.50,102.7942341,,39.45,,,,,
2020,,Boone,Streaker,1,,80,33.00,101.8420109,,47.10,,,,,
2020,,Boone,Streaker,2,,95,30.00,70.24199015,,48.10,,,,,
2020,,Boone,Streaker,3,,95,31.00,87.98176393,,45.35,,,,,
2020,,Boone,Sumo,1,,10,32.50,111.7585166,,39.50,,,,,
2020,,Boone,Sumo,2,,15,31.00,95.13937931,,39.10,,,,,
2020,,Boone,Sumo,3,,15,32.00,106.683004,,39.15,,,,,
2020,,Boone,Warrior,1,,5,31.00,101.2942267,,35.65,,,,,
2020,,Boone,Warrior,2,,5,31.50,114.3479803,,35.20,,,,,
2020,,Boone,Warrior,3,,5,29.00,125.1928747,,36.00,,,,,
2020,,Nashua,Antigo,1,,2,33,133.822045,,37.15333333,2.264805028,,,,
2020,,Nashua,Antigo,2,,2,30.5,133.4634038,,37.02,2.218584517,,,,
2020,,Nashua,Antigo,3,,2,32.5,107.9153932,,37.15333333,2.218584517,,,,
2020,,Nashua,Deon,1,,2,37,122.0887619,,34.04666667,2.13653088,,,,
2020,,Nashua,Deon,2,,2,36,120.1448105,,33.81333333,2.341966542,,,,
2020,,Nashua,Deon,3,,2,39,107.1624951,,33.93333333,2.13653088,,,,
2020,,Nashua,Esker 2020,1,,2,32,139.5114366,,33.34666667,2.27174112,,,,
2020,,Nashua,Esker 2020,2,,2,33,145.7528707,,33.32333333,2.27174112,,,,
2020,,Nashua,Esker 2020,3,,2,34.5,128.6407975,,33.18,2.009617145,,,,
2020,,Nashua,Morton,1,,2,41.5,110.1517241,,33.83,2.044465145,,,,
2020,,Nashua,Morton,2,,2,39,107.4341679,,33.59666667,2.294807815,,,,
2020,,Nashua,Morton,3,,2,40,106.1474493,,33.95333333,2.211360258,,,,
2020,,Nashua,Goliath,1,,2,42,136.3267357,,36.26,2.586659815,,,,
2020,,Nashua,Goliath,2,,2,40,125.1384547,,36.22666667,2.629770812,,,,
2020,,Nashua,Goliath,3,,2,41.5,123.7299803,,36.29333333,2.543548818,,,,
2020,,Nashua,Hayden,1,,2,35,138.7941542,,35.82,2.368162855,,,,
2020,,Nashua,Hayden,2,,2,35.5,132.4280654,,35.90666667,2.587437194,,,,
2020,,Nashua,Hayden,3,,2,33.5,119.3268931,,35.90666667,2.412017723,,,,
2020,,Nashua,Ogle,1,,2,33,126.1737931,,32.60333333,2.239814991,,,,
2020,,Nashua,Ogle,2,,2,31.5,133.923094,,32.93666667,2.35293696,,,,
2020,,Nashua,Ogle,3,,2,35,131.8110037,,32.64666667,2.398185748,,,,
2020,,Nashua,Jerry,1,,2,36.5,116.5749636,,35.96333333,1.742855705,,,,
2020,,Nashua,Jerry,2,,2,35.5,110.8934406,,35.85333333,1.985531815,,,,
2020,,Nashua,Jerry,3,,2,36.5,107.5923676,,35.84,2.029654745,,,,
2020,,Nashua,MN Pearl,1,,2,37.5,144.7055224,,34.64333333,1.583540031,,,,
2020,,Nashua,MN Pearl,2,,2,37,138.6707418,,34.65333333,1.8504288,,,,
2020,,Nashua,MN Pearl,3,,2,35,124.7276324,,34.79666667,1.743673292,,,,
2020,,Nashua,Natty,1,,2,38,119.0138068,,35.37666667,1.902761114,,,,
2020,,Nashua,Natty,2,,2,37.5,124.6998853,,35.52,2.522264732,,,,
2020,,Nashua,Natty,3,,2,37,115.5967759,,35.33333333,2.832016542,,,,
2020,,Nashua,Reins,1,,2,27,144.6993103,,36.37,1.977677612,,,,
2020,,Nashua,Reins,2,,2,27,135.9689227,,36.37,2.247360923,,,,
2020,,Nashua,Reins,3,,2,26,125.0531428,,36.37,1.618099865,,,,
2020,,Nashua,Rushmore,1,,2,34.5,155.1081886,,36.99,2.580095658,,,,
2020,,Nashua,Rushmore,2,,2,33.5,139.3731154,,37.09,2.200081569,,,,
2020,,Nashua,Rushmore,3,,2,35,133.6787542,,37.44666667,1.960072671,,,,
2020,,Nashua,Saddle,1,,2,32,147.5895611,,35.05666667,2.428376178,,,,
2020,,Nashua,Saddle,2,,2,32,148.3060152,,35.33666667,2.428376178,,,,
2020,,Nashua,Saddle,3,,2,31,134.8954839,,35.12333333,2.520013015,,,,
2020,,Nashua,Shelby 427,1,,2,35,127.1706169,,36.77333333,2.30589216,,,,
2020,,Nashua,Shelby 427,2,,2,36,119.6685548,,36.58666667,2.61630072,,,,
2020,,Nashua,Shelby 427,3,,2,35.5,113.4937965,,36.69666667,2.08417176,,,,
2020,,Nashua,Sumo,1,,2,33,122.6602687,,37.80666667,2.060863809,,,,
2020,,Nashua,Sumo,2,,2,32,119.1119569,,37.83,1.973167477,,,,
2020,,Nashua,Sumo,3,,2,32.5,113.1641448,,37.83,2.236256474,,,,
2020,,Nashua,Warrior,1,,2,32.5,123.7241824,,34.9,2.25788904,,,,
2020,,Nashua,Warrior,2,,2,30,134.8673227,,34.96666667,2.25788904,,,,
2020,,Nashua,Warrior,3,,2,32.5,120.8008009,,34.86666667,2.59870248,,,,
2020,,Nashua,Saber,1,,2,33,140.1019937,,34.56,1.951454492,,,,
2020,,Nashua,Saber,2,,2,34,125.5534183,,34.61666667,1.864723182,,,,
2020,,Nashua,Saber,3,,2,30.5,115.2443467,,34.60666667,1.604529249,,,,
2020,,Nashua,Streaker,1,,2,35,83.64126294,,42.51,2.150858769,,,,
2020,,Nashua,Streaker,2,,2,37,78.54118593,,42.45333333,2.7961164,,,,
2020,,Nashua,Streaker,3,,2,35,80.51661162,,42.47666667,1.978790068,,,,
2020,,Kanawha,Antigo,1,,80,32.50,144.2332428,,39.45,,,,,
2020,,Kanawha,Antigo,2,,80,32.00,131.7666031,,38.85,,,,,
2020,,Kanawha,Antigo,3,,75,36.50,127.781726,,38.85,,,,,
2020,,Kanawha,Deon,1,,0,32.50,117.6820433,,35.05,,,,,
2020,,Kanawha,Deon,2,,0,34.00,93.62363903,,33.90,,,,,
2020,,Kanawha,Deon,3,,5,39.50,114.2970616,,34.40,,,,,
2020,,Kanawha,Esker2020,1,,25,31.00,91.14282832,,33.30,,,,,
2020,,Kanawha,Esker2020,2,,30,32.00,140.0599413,,32.95,,,,,
2020,,Kanawha,Esker2020,3,,10,34.00,136.782821,,32.25,,,,,
2020,,Kanawha,Goliath,1,,10,42.50,119.8752238,,37.25,,,,,
2020,,Kanawha,Goliath,2,,15,40.50,115.5847395,,36.40,,,,,
2020,,Kanawha,Goliath,3,,15,41.00,96.81154072,,36.50,,,,,
2020,,Kanawha,Hayden,1,,10,32.50,120.831328,,35.95,,,,,
2020,,Kanawha,Hayden,2,,0,33.50,122.2375202,,36.05,,,,,
2020,,Kanawha,Hayden,3,,10,34.50,126.7037784,,35.05,,,,,
2020,,Kanawha,Jerry,1,,10,32.00,87.3377201,,37.80,,,,,
2020,,Kanawha,Jerry,2,,10,35.50,111.7283639,,37.95,,,,,
2020,,Kanawha,Jerry,3,,45,36.00,108.1489655,,37.60,,,,,
2020,,Kanawha,MN-Pearl,1,,0,35.50,128.2418012,,35.55,,,,,
2020,,Kanawha,MN-Pearl,2,,0,36.00,123.507887,,35.20,,,,,
2020,,Kanawha,MN-Pearl,3,,5,38.50,122.1669442,,34.20,,,,,
2020,,Kanawha,Morton,1,,10,41.00,117.3458089,,36.05,,,,,
2020,,Kanawha,Morton,2,,5,41.00,102.6520323,,34.60,,,,,
2020,,Kanawha,Morton,3,,5,42.00,88.59011005,,34.55,,,,,
2020,,Kanawha,Natty,1,,5,34.00,140.9854182,,38.10,,,,,
2020,,Kanawha,Natty,2,,5,38.00,111.6651119,,37.00,,,,,
2020,,Kanawha,Natty,3,,0,35.50,118.5036537,,36.00,,,,,
2020,,Kanawha,Ogle,1,,5,31.00,108.4845341,,32.30,,,,,
2020,,Kanawha,Ogle,2,,0,34.50,128.2990609,,32.15,,,,,
2020,,Kanawha,Ogle,3,,0,34.50,114.4948074,,31.95,,,,,
2020,,Kanawha,Reins,1,,5,25.50,135.3912766,,37.55,,,,,
2020,,Kanawha,Reins,2,,0,25.50,130.7226119,,38.15,,,,,
2020,,Kanawha,Reins,3,,0,28.00,134.0782979,,36.65,,,,,
2020,,Kanawha,Rushmore,1,,5,33.50,137.0970836,,38.60,,,,,
2020,,Kanawha,Rushmore,2,,0,34.50,126.6305393,,38.95,,,,,
2020,,Kanawha,Rushmore,3,,0,36.00,125.1890591,,38.45,,,,,
2020,,Kanawha,Saber,1,,5,30.50,134.6961702,,37.05,,,,,
2020,,Kanawha,Saber,2,,0,31.00,137.254215,,34.55,,,,,
2020,,Kanawha,Saber,3,,0,34.50,124.5438885,,34.90,,,,,
2020,,Kanawha,Saddle,1,,0,29.50,152.0265572,,36.65,,,,,
2020,,Kanawha,Saddle,2,,0,30.50,132.9224505,,35.40,,,,,
2020,,Kanawha,Saddle,3,,0,34.00,138.5418929,,35.85,,,,,
2020,,Kanawha,Shelby 427,1,,5,34.00,129.0381108,,39.15,,,,,
2020,,Kanawha,Shelby 427,2,,0,36.50,116.5388463,,38.00,,,,,
2020,,Kanawha,Shelby 427,3,,0,36.50,121.9552164,,37.15,,,,,
2020,,Kanawha,Streaker,1,,10,33.50,90.52295855,,45.65,,,,,
2020,,Kanawha,Streaker,2,,40,37.00,80.21021643,,44.15,,,,,
2020,,Kanawha,Streaker,3,,60,37.50,91.34922964,,44.70,,,,,
2020,,Kanawha,Sumo,1,,0,28.50,121.3160382,,38.70,,,,,
2020,,Kanawha,Sumo,2,,5,33.00,125.769646,,38.25,,,,,
2020,,Kanawha,Sumo,3,,5,34.50,111.1531034,,38.70,,,,,
2020,,Kanawha,Warrior,1,,0,30.50,136.947942,,35.65,,,,,
2020,,Kanawha,Warrior,2,,0,33.00,122.3080961,,35.05,,,,,
2020,,Kanawha,Warrior,3,,0,36.00,136.4685583,,34.00,,,,,
2020,,Lewis-Greenfield,Antigo,1,,90,33.00,130.383569,,37.50,,,,,
2020,,Lewis-Greenfield,Antigo,2,,95,33.00,112.2762414,,37.10,,,,,
2020,,Lewis-Greenfield,Antigo,3,,95,33.00,132.5075172,,39.05,,,,,
2020,,Lewis-Greenfield,Deon,1,,95,33.50,124.3189655,,34.60,,,,,
2020,,Lewis-Greenfield,Deon,2,,95,33.50,119.0048276,,35.05,,,,,
2020,,Lewis-Greenfield,Deon,3,,90,34.50,128.370569,,34.35,,,,,
2020,,Lewis-Greenfield,Esker2020,1,,90,34.00,124.0344828,,34.20,,,,,
2020,,Lewis-Greenfield,Esker2020,2,,95,33.00,157.4987586,,34.60,,,,,
2020,,Lewis-Greenfield,Esker2020,3,,95,32.00,141.6303103,,34.20,,,,,
2020,,Lewis-Greenfield,Goliath,1,,95,36.00,81.41327586,,35.55,,,,,
2020,,Lewis-Greenfield,Goliath,2,,95,35.00,136.1756379,,36.75,,,,,
2020,,Lewis-Greenfield,Goliath,3,,95,37.00,46.95786207,,33.95,,,,,
2020,,Lewis-Greenfield,Hayden,1,,95,32.00,65.00203448,,35.10,,,,,
2020,,Lewis-Greenfield,Hayden,2,,90,31.00,130.9804138,,35.15,,,,,
2020,,Lewis-Greenfield,Hayden,3,,95,32.50,138.005431,,35.50,,,,,
2020,,Lewis-Greenfield,Jerry,1,,90,33.50,77.13124138,,37.45,,,,,
2020,,Lewis-Greenfield,Jerry,2,,95,33.50,101.2701724,,37.05,,,,,
2020,,Lewis-Greenfield,Jerry,3,,95,33.00,82.07555172,,35.75,,,,,
2020,,Lewis-Greenfield,MN-Pearl,1,,85,33.00,125.4568966,,35.65,,,,,
2020,,Lewis-Greenfield,MN-Pearl,2,,90,33.00,146.3515862,,34.30,,,,,
2020,,Lewis-Greenfield,MN-Pearl,3,,90,33.00,153.0733448,,33.85,,,,,
2020,,Lewis-Greenfield,Morton,1,,95,35.00,126.308069,,34.40,,,,,
2020,,Lewis-Greenfield,Morton,2,,95,34.50,120.8915172,,34.20,,,,,
2020,,Lewis-Greenfield,Morton,3,,95,36.00,102.7904483,,34.10,,,,,
2020,,Lewis-Greenfield,Natty,1,,95,34.50,138.6273103,,37.35,,,,,
2020,,Lewis-Greenfield,Natty,2,,95,34.00,134.8721379,,38.70,,,,,
2020,,Lewis-Greenfield,Natty,3,,95,33.00,154.2437069,,36.20,,,,,
2020,,Lewis-Greenfield,Ogle,1,,90,32.50,135.4137931,,34.10,,,,,
2020,,Lewis-Greenfield,Ogle,2,,95,32.00,142.2208966,,32.85,,,,,
2020,,Lewis-Greenfield,Ogle,3,,95,31.50,124.7456897,,32.35,,,,,
2020,,Lewis-Greenfield,Reins,1,,15,27.50,129.69,,38.95,,,,,
2020,,Lewis-Greenfield,Reins,2,,90,30.50,,,,,,,,
2020,,Lewis-Greenfield,Reins,3,,95,29.50,137.61,,38.95,,,,,
2020,,Lewis-Greenfield,Rushmore,1,,90,33.50,131.2159655,,38.35,,,,,
2020,,Lewis-Greenfield,Rushmore,2,,90,33.50,137.6890862,,37.70,,,,,
2020,,Lewis-Greenfield,Rushmore,3,,90,33.00,149.919569,,38.50,,,,,
2020,,Lewis-Greenfield,Saber,1,,90,31.50,138.0845172,,37.40,,,,,
2020,,Lewis-Greenfield,Saber,2,,95,31.00,152.8981034,,35.50,,,,,
2020,,Lewis-Greenfield,Saber,3,,95,31.00,130.4546897,,35.85,,,,,
2020,,Lewis-Greenfield,Saddle,1,,40,34.00,136.7400517,,37.10,,,,,
2020,,Lewis-Greenfield,Saddle,2,,35,32.50,145.6972759,,37.80,,,,,
2020,,Lewis-Greenfield,Saddle,3,,40,33.50,149.4040862,,36.40,,,,,
2020,,Lewis-Greenfield,Shelby 427,1,,90,34.00,139.1086552,,40.15,,,,,
2020,,Lewis-Greenfield,Shelby 427,2,,95,33.50,143.5431724,,38.30,,,,,
2020,,Lewis-Greenfield,Shelby 427,3,,95,34.00,133.880431,,39.95,,,,,
2020,,Lewis-Greenfield,Streaker,1,,95,33.00,52.84551724,,45.20,,,,,
2020,,Lewis-Greenfield,Streaker,2,,95,32.50,64.51386207,,45.65,,,,,
2020,,Lewis-Greenfield,Streaker,3,,95,32.50,56.958,,44.15,,,,,
2020,,Lewis-Greenfield,Sumo,1,,65,33.50,119.9965345,,39.75,,,,,
2020,,Lewis-Greenfield,Sumo,2,,30,33.50,131.2057241,,39.85,,,,,
2020,,Lewis-Greenfield,Sumo,3,,40,33.50,134.4078621,,38.85,,,,,
2020,,Lewis-Greenfield,Warrior,1,,60,31.00,121.5600517,,33.95,,,,,
2020,,Lewis-Greenfield,Warrior,2,,15,28.50,137.0911034,,34.80,,,,,
2020,,Lewis-Greenfield,Warrior,3,,95,32.00,81.41327586,,34.05,,,,,
